station_name,latitude,longitude,year,population_density_1km
Ganga at Har-Ki-Pauri Ghat,29.965,78.17,2000,2650.17
Ganga at Har-Ki-Pauri Ghat,29.965,78.17,2005,2500.5
Ganga at Har-Ki-Pauri Ghat,29.965,78.17,2010,2096.18
Ganga at Har-Ki-Pauri Ghat,29.965,78.17,2015,2365.31
Ganga at Har-Ki-Pauri Ghat,29.965,78.17,2020,4466.02
Ganga at Jajmau Bridge,26.471,80.407,2000,1413.3
Ganga at Jajmau Bridge,26.471,80.407,2005,1796.98
Ganga at Jajmau Bridge,26.471,80.407,2010,1314.08
Ganga at Jajmau Bridge,26.471,80.407,2015,2097.97
Ganga at Jajmau Bridge,26.471,80.407,2020,2317.05
Ganga at Sangam,25.428,81.887,2000,2204.93
Ganga at Sangam,25.428,81.887,2005,1684.94
Ganga at Sangam,25.428,81.887,2010,1592.18
Ganga at Sangam,25.428,81.887,2015,2507.23
Ganga at Sangam,25.428,81.887,2020,5782.41
Ganga at Malviya Bridge,25.323,83.031,2000,3811.51
Ganga at Malviya Bridge,25.323,83.031,2005,3982.92
Ganga at Malviya Bridge,25.323,83.031,2010,3775.72
Ganga at Malviya Bridge,25.323,83.031,2015,3948.88
Ganga at Malviya Bridge,25.323,83.031,2020,3825.5
Ganga at Gandhi Ghat,25.621,85.172,2000,5460.3
Ganga at Gandhi Ghat,25.621,85.172,2005,5463.29
Ganga at Gandhi Ghat,25.621,85.172,2010,5398.1
Ganga at Gandhi Ghat,25.621,85.172,2015,5836.29
Ganga at Gandhi Ghat,25.621,85.172,2020,6012.38
