station_name,year,pop_density_1km
Ganga at Gandhi Ghat,2012,5573.376
Ganga at Gandhi Ghat,2013,5661.014
Ganga at Gandhi Ghat,2014,5748.652
Ganga at Gandhi Ghat,2015,5836.29
Ganga at Gandhi Ghat,2016,5871.508
Ganga at Gandhi Ghat,2017,5906.726000000001
Ganga at Gandhi Ghat,2018,5941.9439999999995
Ganga at Gandhi Ghat,2019,5977.162
Ganga at Gandhi Ghat,2020,6012.38
Ganga at Gandhi Ghat,2021,6047.598
Ganga at Gandhi Ghat,2022,6082.816000000001
Ganga at Gandhi Ghat,2023,6118.0340000000015
Ganga at Gandhi Ghat,2024,6153.2519999999995
Ganga at Har-Ki-Pauri Ghat,2012,2203.832
Ganga at Har-Ki-Pauri Ghat,2013,2257.658
Ganga at Har-Ki-Pauri Ghat,2014,2311.484
Ganga at Har-Ki-Pauri Ghat,2015,2365.31
Ganga at Har-Ki-Pauri Ghat,2016,2785.452
Ganga at Har-Ki-Pauri Ghat,2017,3205.594
Ganga at Har-Ki-Pauri Ghat,2018,3625.736
Ganga at Har-Ki-Pauri Ghat,2019,4045.8780000000006
Ganga at Har-Ki-Pauri Ghat,2020,4466.02
Ganga at Har-Ki-Pauri Ghat,2021,4886.162
Ganga at Har-Ki-Pauri Ghat,2022,5306.304
Ganga at Har-Ki-Pauri Ghat,2023,5726.446000000002
Ganga at Har-Ki-Pauri Ghat,2024,6146.588000000002
Ganga at Jajmau Bridge,2012,1627.636
Ganga at Jajmau Bridge,2013,1784.4139999999998
Ganga at Jajmau Bridge,2014,1941.192
Ganga at Jajmau Bridge,2015,2097.97
Ganga at Jajmau Bridge,2016,2141.786
Ganga at Jajmau Bridge,2017,2185.602
Ganga at Jajmau Bridge,2018,2229.418
Ganga at Jajmau Bridge,2019,2273.2340000000004
Ganga at Jajmau Bridge,2020,2317.05
Ganga at Jajmau Bridge,2021,2360.866
Ganga at Jajmau Bridge,2022,2404.682
Ganga at Jajmau Bridge,2023,2448.4980000000005
Ganga at Jajmau Bridge,2024,2492.3140000000003
Ganga at Malviya Bridge,2012,3844.984
Ganga at Malviya Bridge,2013,3879.616
Ganga at Malviya Bridge,2014,3914.2480000000005
Ganga at Malviya Bridge,2015,3948.88
Ganga at Malviya Bridge,2016,3924.204
Ganga at Malviya Bridge,2017,3899.5280000000002
Ganga at Malviya Bridge,2018,3874.852
Ganga at Malviya Bridge,2019,3850.1760000000004
Ganga at Malviya Bridge,2020,3825.5
Ganga at Malviya Bridge,2021,3800.8239999999996
Ganga at Malviya Bridge,2022,3776.1479999999997
Ganga at Malviya Bridge,2023,3751.472
Ganga at Malviya Bridge,2024,3726.7960000000003
Ganga at Sangam,2012,1958.2
Ganga at Sangam,2013,2141.21
Ganga at Sangam,2014,2324.2200000000003
Ganga at Sangam,2015,2507.23
Ganga at Sangam,2016,3162.266
Ganga at Sangam,2017,3817.3019999999997
Ganga at Sangam,2018,4472.338
Ganga at Sangam,2019,5127.374
Ganga at Sangam,2020,5782.41
Ganga at Sangam,2021,6437.446
Ganga at Sangam,2022,7092.481999999999
Ganga at Sangam,2023,7747.518
Ganga at Sangam,2024,8402.554
