station_code,station_name,year,temp_min,temp_max,do_min,do_max,ph_min,ph_max,cond_min,cond_max,bod_min,bod_max,nitrate_min,nitrate_max,fecal_col_min,fecal_col_max,total_col_min,total_col_max,season
1067,Ganga at Jajmau Bridge,2015,12.0,33.0,6.4,10.0,7.3,8.9,238.0,402.0,2.2,4.0,0.0,0.4,2200.0,4000.0,2800.0,6300.0,monsoon
1067,Ganga at Jajmau Bridge,2015,12.0,33.0,6.4,10.0,7.3,8.9,238.0,402.0,2.2,4.0,0.0,0.4,2200.0,4000.0,2800.0,6300.0,post_monsoon
1067,Ganga at Jajmau Bridge,2015,12.0,33.0,6.4,10.0,7.3,8.9,238.0,402.0,2.2,4.0,0.0,0.4,2200.0,4000.0,2800.0,6300.0,winter
1067,Ganga at Jajmau Bridge,2015,12.0,33.0,6.4,10.0,7.3,8.9,238.0,402.0,2.2,4.0,0.0,0.4,2200.0,4000.0,2800.0,6300.0,pre_monsoon
1049,Ganga at Sangam,2015,20.0,30.6,7.0,8.7,7.4,8.4,365.0,499.0,3.4,4.8,0.0,1.5,17000.0,26000.0,32000.0,39000.0,monsoon
1049,Ganga at Sangam,2015,20.0,30.6,7.0,8.7,7.4,8.4,365.0,499.0,3.4,4.8,0.0,1.5,17000.0,26000.0,32000.0,39000.0,post_monsoon
1049,Ganga at Sangam,2015,20.0,30.6,7.0,8.7,7.4,8.4,365.0,499.0,3.4,4.8,0.0,1.5,17000.0,26000.0,32000.0,39000.0,winter
1049,Ganga at Sangam,2015,20.0,30.6,7.0,8.7,7.4,8.4,365.0,499.0,3.4,4.8,0.0,1.5,17000.0,26000.0,32000.0,39000.0,pre_monsoon
1071,Ganga at Malviya Bridge,2015,19.0,26.0,7.0,7.8,8.4,8.8,382.0,430.0,4.2,5.3,0.0,0.0,23000.0,33000.0,40000.0,49000.0,monsoon
1071,Ganga at Malviya Bridge,2015,19.0,26.0,7.0,7.8,8.4,8.8,382.0,430.0,4.2,5.3,0.0,0.0,23000.0,33000.0,40000.0,49000.0,post_monsoon
1071,Ganga at Malviya Bridge,2015,19.0,26.0,7.0,7.8,8.4,8.8,382.0,430.0,4.2,5.3,0.0,0.0,23000.0,33000.0,40000.0,49000.0,winter
1071,Ganga at Malviya Bridge,2015,19.0,26.0,7.0,7.8,8.4,8.8,382.0,430.0,4.2,5.3,0.0,0.0,23000.0,33000.0,40000.0,49000.0,pre_monsoon
2552,Ganga at Gandhi Ghat,2015,16.0,40.0,7.4,8.8,7.6,9.1,256.0,559.0,2.6,3.0,0.0,0.0,2800.0,16000.0,9000.0,24000.0,monsoon
2552,Ganga at Gandhi Ghat,2015,16.0,40.0,7.4,8.8,7.6,9.1,256.0,559.0,2.6,3.0,0.0,0.0,2800.0,16000.0,9000.0,24000.0,post_monsoon
2552,Ganga at Gandhi Ghat,2015,16.0,40.0,7.4,8.8,7.6,9.1,256.0,559.0,2.6,3.0,0.0,0.0,2800.0,16000.0,9000.0,24000.0,winter
2552,Ganga at Gandhi Ghat,2015,16.0,40.0,7.4,8.8,7.6,9.1,256.0,559.0,2.6,3.0,0.0,0.0,2800.0,16000.0,9000.0,24000.0,pre_monsoon
1049,Ganga at Sangam,2018,18.5,32.0,7.3,9.8,7.5,8.4,204.0,383.0,2.7,4.6,1.58,1.97,2400.0,21000.0,8400.0,33000.0,monsoon
1049,Ganga at Sangam,2018,18.5,32.0,7.3,9.8,7.5,8.4,204.0,383.0,2.7,4.6,1.58,1.97,2400.0,21000.0,8400.0,33000.0,post_monsoon
1049,Ganga at Sangam,2018,18.5,32.0,7.3,9.8,7.5,8.4,204.0,383.0,2.7,4.6,1.58,1.97,2400.0,21000.0,8400.0,33000.0,winter
1049,Ganga at Sangam,2018,18.5,32.0,7.3,9.8,7.5,8.4,204.0,383.0,2.7,4.6,1.58,1.97,2400.0,21000.0,8400.0,33000.0,pre_monsoon
1071,Ganga at Malviya Bridge,2018,22.0,29.0,6.1,7.8,8.1,8.3,366.0,588.0,4.5,5.8,0.22,0.45,22000.0,43000.0,34000.0,63000.0,monsoon
1071,Ganga at Malviya Bridge,2018,22.0,29.0,6.1,7.8,8.1,8.3,366.0,588.0,4.5,5.8,0.22,0.45,22000.0,43000.0,34000.0,63000.0,post_monsoon
1071,Ganga at Malviya Bridge,2018,22.0,29.0,6.1,7.8,8.1,8.3,366.0,588.0,4.5,5.8,0.22,0.45,22000.0,43000.0,34000.0,63000.0,winter
1071,Ganga at Malviya Bridge,2018,22.0,29.0,6.1,7.8,8.1,8.3,366.0,588.0,4.5,5.8,0.22,0.45,22000.0,43000.0,34000.0,63000.0,pre_monsoon
2552,Ganga at Gandhi Ghat,2018,14.0,33.0,6.8,13.0,6.7,7.9,206.0,502.0,2.1,2.6,0.06,2.29,3100.0,21000.0,7000.0,35000.0,monsoon
2552,Ganga at Gandhi Ghat,2018,14.0,33.0,6.8,13.0,6.7,7.9,206.0,502.0,2.1,2.6,0.06,2.29,3100.0,21000.0,7000.0,35000.0,post_monsoon
2552,Ganga at Gandhi Ghat,2018,14.0,33.0,6.8,13.0,6.7,7.9,206.0,502.0,2.1,2.6,0.06,2.29,3100.0,21000.0,7000.0,35000.0,winter
2552,Ganga at Gandhi Ghat,2018,14.0,33.0,6.8,13.0,6.7,7.9,206.0,502.0,2.1,2.6,0.06,2.29,3100.0,21000.0,7000.0,35000.0,pre_monsoon
1049,Ganga at Sangam,2019,22.6,32.8,6.8,11.5,7.8,8.4,236.0,283.0,2.0,3.4,1.39,1.83,3300.0,13000.0,8400.0,27000.0,monsoon
1049,Ganga at Sangam,2019,22.6,32.8,6.8,11.5,7.8,8.4,236.0,283.0,2.0,3.4,1.39,1.83,3300.0,13000.0,8400.0,27000.0,post_monsoon
1049,Ganga at Sangam,2019,22.6,32.8,6.8,11.5,7.8,8.4,236.0,283.0,2.0,3.4,1.39,1.83,3300.0,13000.0,8400.0,27000.0,winter
1049,Ganga at Sangam,2019,22.6,32.8,6.8,11.5,7.8,8.4,236.0,283.0,2.0,3.4,1.39,1.83,3300.0,13000.0,8400.0,27000.0,pre_monsoon
1071,Ganga at Malviya Bridge,2019,20.0,31.5,6.5,7.9,7.9,8.7,392.0,528.0,3.4,4.2,0.15,0.4,11000.0,23000.0,17000.0,43000.0,monsoon
1071,Ganga at Malviya Bridge,2019,20.0,31.5,6.5,7.9,7.9,8.7,392.0,528.0,3.4,4.2,0.15,0.4,11000.0,23000.0,17000.0,43000.0,post_monsoon
1071,Ganga at Malviya Bridge,2019,20.0,31.5,6.5,7.9,7.9,8.7,392.0,528.0,3.4,4.2,0.15,0.4,11000.0,23000.0,17000.0,43000.0,winter
1071,Ganga at Malviya Bridge,2019,20.0,31.5,6.5,7.9,7.9,8.7,392.0,528.0,3.4,4.2,0.15,0.4,11000.0,23000.0,17000.0,43000.0,pre_monsoon
2552,Ganga at Gandhi Ghat,2019,19.0,33.0,6.5,8.8,7.7,8.3,265.0,467.0,1.8,2.9,0.03,0.58,1400.0,26000.0,11000.0,35000.0,monsoon
2552,Ganga at Gandhi Ghat,2019,19.0,33.0,6.5,8.8,7.7,8.3,265.0,467.0,1.8,2.9,0.03,0.58,1400.0,26000.0,11000.0,35000.0,post_monsoon
2552,Ganga at Gandhi Ghat,2019,19.0,33.0,6.5,8.8,7.7,8.3,265.0,467.0,1.8,2.9,0.03,0.58,1400.0,26000.0,11000.0,35000.0,winter
2552,Ganga at Gandhi Ghat,2019,19.0,33.0,6.5,8.8,7.7,8.3,265.0,467.0,1.8,2.9,0.03,0.58,1400.0,26000.0,11000.0,35000.0,pre_monsoon
1049,Ganga at Sangam,2019,18.0,34.0,6.5,8.2,7.1,8.3,292.0,1049.0,2.2,5.2,0.1,1.0,5800.0,17000.0,7000.0,160000.0,monsoon
1049,Ganga at Sangam,2019,18.0,34.0,6.5,8.2,7.1,8.3,292.0,1049.0,2.2,5.2,0.1,1.0,5800.0,17000.0,7000.0,160000.0,post_monsoon
1049,Ganga at Sangam,2019,18.0,34.0,6.5,8.2,7.1,8.3,292.0,1049.0,2.2,5.2,0.1,1.0,5800.0,17000.0,7000.0,160000.0,winter
1049,Ganga at Sangam,2019,18.0,34.0,6.5,8.2,7.1,8.3,292.0,1049.0,2.2,5.2,0.1,1.0,5800.0,17000.0,7000.0,160000.0,pre_monsoon
10148,Ganga at Har-Ki-Pauri Ghat,2020,17.0,27.0,8.0,10.8,7.3,8.0,96.0,396.0,1.2,0.36,2.0,60.0,2.0,90.0,2.0,2.0,monsoon
10148,Ganga at Har-Ki-Pauri Ghat,2020,17.0,27.0,8.0,10.8,7.3,8.0,96.0,396.0,1.2,0.36,2.0,60.0,2.0,90.0,2.0,2.0,post_monsoon
10148,Ganga at Har-Ki-Pauri Ghat,2020,17.0,27.0,8.0,10.8,7.3,8.0,96.0,396.0,1.2,0.36,2.0,60.0,2.0,90.0,2.0,2.0,winter
10148,Ganga at Har-Ki-Pauri Ghat,2020,17.0,27.0,8.0,10.8,7.3,8.0,96.0,396.0,1.2,0.36,2.0,60.0,2.0,90.0,2.0,2.0,pre_monsoon
1067,Ganga at Jajmau Bridge,2020,20.0,31.0,6.2,12.1,7.5,8.52,212.0,356.0,2.9,6.3,1400.0,9200.0,3900.0,17000.0,20.0,45.0,monsoon
1067,Ganga at Jajmau Bridge,2020,20.0,31.0,6.2,12.1,7.5,8.52,212.0,356.0,2.9,6.3,1400.0,9200.0,3900.0,17000.0,20.0,45.0,post_monsoon
1067,Ganga at Jajmau Bridge,2020,20.0,31.0,6.2,12.1,7.5,8.52,212.0,356.0,2.9,6.3,1400.0,9200.0,3900.0,17000.0,20.0,45.0,winter
1067,Ganga at Jajmau Bridge,2020,20.0,31.0,6.2,12.1,7.5,8.52,212.0,356.0,2.9,6.3,1400.0,9200.0,3900.0,17000.0,20.0,45.0,pre_monsoon
1049,Ganga at Sangam,2020,7.1,11.8,7.8,8.4,285.0,369.0,2.0,2.7,0.42,1.76,680.0,3300.0,2000.0,7900.0,2.0,20.0,monsoon
1049,Ganga at Sangam,2020,7.1,11.8,7.8,8.4,285.0,369.0,2.0,2.7,0.42,1.76,680.0,3300.0,2000.0,7900.0,2.0,20.0,post_monsoon
1049,Ganga at Sangam,2020,7.1,11.8,7.8,8.4,285.0,369.0,2.0,2.7,0.42,1.76,680.0,3300.0,2000.0,7900.0,2.0,20.0,winter
1049,Ganga at Sangam,2020,7.1,11.8,7.8,8.4,285.0,369.0,2.0,2.7,0.42,1.76,680.0,3300.0,2000.0,7900.0,2.0,20.0,pre_monsoon
1071,Ganga at Malviya Bridge,2020,31.5,5.8,9.5,7.8,8.7,254.0,546.0,3.5,4.2,0.7,7000.0,17000.0,14000.0,31000.0,7000.0,13000.0,monsoon
1071,Ganga at Malviya Bridge,2020,31.5,5.8,9.5,7.8,8.7,254.0,546.0,3.5,4.2,0.7,7000.0,17000.0,14000.0,31000.0,7000.0,13000.0,post_monsoon
1071,Ganga at Malviya Bridge,2020,31.5,5.8,9.5,7.8,8.7,254.0,546.0,3.5,4.2,0.7,7000.0,17000.0,14000.0,31000.0,7000.0,13000.0,winter
1071,Ganga at Malviya Bridge,2020,31.5,5.8,9.5,7.8,8.7,254.0,546.0,3.5,4.2,0.7,7000.0,17000.0,14000.0,31000.0,7000.0,13000.0,pre_monsoon
2552,Ganga at Gandhi Ghat,2020,36.0,5.4,9.7,7.3,8.5,259.0,500.0,1.4,4.0,0.46,2200.0,160000.0,17000.0,160000.0,210.0,9200.0,monsoon
2552,Ganga at Gandhi Ghat,2020,36.0,5.4,9.7,7.3,8.5,259.0,500.0,1.4,4.0,0.46,2200.0,160000.0,17000.0,160000.0,210.0,9200.0,post_monsoon
2552,Ganga at Gandhi Ghat,2020,36.0,5.4,9.7,7.3,8.5,259.0,500.0,1.4,4.0,0.46,2200.0,160000.0,17000.0,160000.0,210.0,9200.0,winter
2552,Ganga at Gandhi Ghat,2020,36.0,5.4,9.7,7.3,8.5,259.0,500.0,1.4,4.0,0.46,2200.0,160000.0,17000.0,160000.0,210.0,9200.0,pre_monsoon
10148,Ganga at Har-Ki-Pauri Ghat,2021,8.2,10.4,7.1,8.3,90.0,259.0,1.0,1.5,0.3,1.02,27.0,63.0,58.0,94.0,2.0,38.0,monsoon
10148,Ganga at Har-Ki-Pauri Ghat,2021,8.2,10.4,7.1,8.3,90.0,259.0,1.0,1.5,0.3,1.02,27.0,63.0,58.0,94.0,2.0,38.0,post_monsoon
10148,Ganga at Har-Ki-Pauri Ghat,2021,8.2,10.4,7.1,8.3,90.0,259.0,1.0,1.5,0.3,1.02,27.0,63.0,58.0,94.0,2.0,38.0,winter
10148,Ganga at Har-Ki-Pauri Ghat,2021,8.2,10.4,7.1,8.3,90.0,259.0,1.0,1.5,0.3,1.02,27.0,63.0,58.0,94.0,2.0,38.0,pre_monsoon
1067,Ganga at Jajmau Bridge,2021,15.0,33.0,5.8,11.1,8.1,8.4,194.0,319.0,3.1,3.9,1700.0,3500.0,3200.0,6300.0,2.0,20.0,monsoon
1067,Ganga at Jajmau Bridge,2021,15.0,33.0,5.8,11.1,8.1,8.4,194.0,319.0,3.1,3.9,1700.0,3500.0,3200.0,6300.0,2.0,20.0,post_monsoon
1067,Ganga at Jajmau Bridge,2021,15.0,33.0,5.8,11.1,8.1,8.4,194.0,319.0,3.1,3.9,1700.0,3500.0,3200.0,6300.0,2.0,20.0,winter
1067,Ganga at Jajmau Bridge,2021,15.0,33.0,5.8,11.1,8.1,8.4,194.0,319.0,3.1,3.9,1700.0,3500.0,3200.0,6300.0,2.0,20.0,pre_monsoon
1049,Ganga at Sangam,2021,18.6,30.3,7.2,9.9,7.6,8.5,248.0,384.0,2.0,2.9,0.56,0.66,680.0,1400.0,1700.0,2700.0,monsoon
1049,Ganga at Sangam,2021,18.6,30.3,7.2,9.9,7.6,8.5,248.0,384.0,2.0,2.9,0.56,0.66,680.0,1400.0,1700.0,2700.0,post_monsoon
1049,Ganga at Sangam,2021,18.6,30.3,7.2,9.9,7.6,8.5,248.0,384.0,2.0,2.9,0.56,0.66,680.0,1400.0,1700.0,2700.0,winter
1049,Ganga at Sangam,2021,18.6,30.3,7.2,9.9,7.6,8.5,248.0,384.0,2.0,2.9,0.56,0.66,680.0,1400.0,1700.0,2700.0,pre_monsoon
1071,Ganga at Malviya Bridge,2021,6.2,9.4,7.3,8.4,274.0,560.0,3.3,4.1,0.3,1.52,7000.0,13000.0,13000.0,23000.0,4900.0,11000.0,monsoon
1071,Ganga at Malviya Bridge,2021,6.2,9.4,7.3,8.4,274.0,560.0,3.3,4.1,0.3,1.52,7000.0,13000.0,13000.0,23000.0,4900.0,11000.0,post_monsoon
1071,Ganga at Malviya Bridge,2021,6.2,9.4,7.3,8.4,274.0,560.0,3.3,4.1,0.3,1.52,7000.0,13000.0,13000.0,23000.0,4900.0,11000.0,winter
1071,Ganga at Malviya Bridge,2021,6.2,9.4,7.3,8.4,274.0,560.0,3.3,4.1,0.3,1.52,7000.0,13000.0,13000.0,23000.0,4900.0,11000.0,pre_monsoon
2552,Ganga at Gandhi Ghat,2021,4.3,8.9,7.2,8.1,185.0,484.0,1.2,3.0,0.3,1.14,92000.0,160000.0,92000.0,160000.0,170.0,9200.0,monsoon
2552,Ganga at Gandhi Ghat,2021,4.3,8.9,7.2,8.1,185.0,484.0,1.2,3.0,0.3,1.14,92000.0,160000.0,92000.0,160000.0,170.0,9200.0,post_monsoon
2552,Ganga at Gandhi Ghat,2021,4.3,8.9,7.2,8.1,185.0,484.0,1.2,3.0,0.3,1.14,92000.0,160000.0,92000.0,160000.0,170.0,9200.0,winter
2552,Ganga at Gandhi Ghat,2021,4.3,8.9,7.2,8.1,185.0,484.0,1.2,3.0,0.3,1.14,92000.0,160000.0,92000.0,160000.0,170.0,9200.0,pre_monsoon
10148,Ganga at Har-Ki-Pauri Ghat,2022,7.8,10.2,7.1,8.3,124.0,1961.0,1.2,2.4,0.32,1.04,21.0,48.0,58.0,120.0,4.0,26.0,monsoon
10148,Ganga at Har-Ki-Pauri Ghat,2022,7.8,10.2,7.1,8.3,124.0,1961.0,1.2,2.4,0.32,1.04,21.0,48.0,58.0,120.0,4.0,26.0,post_monsoon
10148,Ganga at Har-Ki-Pauri Ghat,2022,7.8,10.2,7.1,8.3,124.0,1961.0,1.2,2.4,0.32,1.04,21.0,48.0,58.0,120.0,4.0,26.0,winter
10148,Ganga at Har-Ki-Pauri Ghat,2022,7.8,10.2,7.1,8.3,124.0,1961.0,1.2,2.4,0.32,1.04,21.0,48.0,58.0,120.0,4.0,26.0,pre_monsoon
1067,Ganga at Jajmau Bridge,2022,15.0,31.0,6.4,10.7,7.83,8.46,183.0,390.0,3.1,5.5,1100.0,2800.0,3100.0,4100.0,20.0,48.0,monsoon
1067,Ganga at Jajmau Bridge,2022,15.0,31.0,6.4,10.7,7.83,8.46,183.0,390.0,3.1,5.5,1100.0,2800.0,3100.0,4100.0,20.0,48.0,post_monsoon
1067,Ganga at Jajmau Bridge,2022,15.0,31.0,6.4,10.7,7.83,8.46,183.0,390.0,3.1,5.5,1100.0,2800.0,3100.0,4100.0,20.0,48.0,winter
1067,Ganga at Jajmau Bridge,2022,15.0,31.0,6.4,10.7,7.83,8.46,183.0,390.0,3.1,5.5,1100.0,2800.0,3100.0,4100.0,20.0,48.0,pre_monsoon
1049,Ganga at Sangam,2022,18.9,31.8,6.0,9.2,7.43,8.39,237.0,279.0,2.6,3.0,0.6,0.67,610.0,930.0,2400.0,2700.0,monsoon
1049,Ganga at Sangam,2022,18.9,31.8,6.0,9.2,7.43,8.39,237.0,279.0,2.6,3.0,0.6,0.67,610.0,930.0,2400.0,2700.0,post_monsoon
1049,Ganga at Sangam,2022,18.9,31.8,6.0,9.2,7.43,8.39,237.0,279.0,2.6,3.0,0.6,0.67,610.0,930.0,2400.0,2700.0,winter
1049,Ganga at Sangam,2022,18.9,31.8,6.0,9.2,7.43,8.39,237.0,279.0,2.6,3.0,0.6,0.67,610.0,930.0,2400.0,2700.0,pre_monsoon
1071,Ganga at Malviya Bridge,2022,6.5,9.9,7.59,8.59,326.0,665.0,3.3,4.3,0.96,1.62,8000.0,17000.0,11000.0,23000.0,4000.0,13000.0,monsoon
1071,Ganga at Malviya Bridge,2022,6.5,9.9,7.59,8.59,326.0,665.0,3.3,4.3,0.96,1.62,8000.0,17000.0,11000.0,23000.0,4000.0,13000.0,post_monsoon
1071,Ganga at Malviya Bridge,2022,6.5,9.9,7.59,8.59,326.0,665.0,3.3,4.3,0.96,1.62,8000.0,17000.0,11000.0,23000.0,4000.0,13000.0,winter
1071,Ganga at Malviya Bridge,2022,6.5,9.9,7.59,8.59,326.0,665.0,3.3,4.3,0.96,1.62,8000.0,17000.0,11000.0,23000.0,4000.0,13000.0,pre_monsoon
2552,Ganga at Gandhi Ghat,2022,35.0,5.6,9.7,6.98,8.25,195.0,495.0,1.5,2.7,0.69,17000.0,350000.0,28000.0,920000.0,6.0,9200.0,monsoon
2552,Ganga at Gandhi Ghat,2022,35.0,5.6,9.7,6.98,8.25,195.0,495.0,1.5,2.7,0.69,17000.0,350000.0,28000.0,920000.0,6.0,9200.0,post_monsoon
2552,Ganga at Gandhi Ghat,2022,35.0,5.6,9.7,6.98,8.25,195.0,495.0,1.5,2.7,0.69,17000.0,350000.0,28000.0,920000.0,6.0,9200.0,winter
2552,Ganga at Gandhi Ghat,2022,35.0,5.6,9.7,6.98,8.25,195.0,495.0,1.5,2.7,0.69,17000.0,350000.0,28000.0,920000.0,6.0,9200.0,pre_monsoon
1067,Ganga at Jajmau Bridge,2017,16.0,33.0,5.9,11.2,7.4,8.5,215.0,416.0,2.9,3.9,0.3,0.3,2100.0,4700.0,4600.0,8400.0,monsoon
1067,Ganga at Jajmau Bridge,2017,16.0,33.0,5.9,11.2,7.4,8.5,215.0,416.0,2.9,3.9,0.3,0.3,2100.0,4700.0,4600.0,8400.0,post_monsoon
1067,Ganga at Jajmau Bridge,2017,16.0,33.0,5.9,11.2,7.4,8.5,215.0,416.0,2.9,3.9,0.3,0.3,2100.0,4700.0,4600.0,8400.0,winter
1067,Ganga at Jajmau Bridge,2017,16.0,33.0,5.9,11.2,7.4,8.5,215.0,416.0,2.9,3.9,0.3,0.3,2100.0,4700.0,4600.0,8400.0,pre_monsoon
1049,Ganga at Sangam,2017,18.0,29.0,7.3,8.5,7.5,8.3,275.0,442.0,3.7,5.8,0.3,1.9,13000.0,33000.0,24000.0,46000.0,monsoon
1049,Ganga at Sangam,2017,18.0,29.0,7.3,8.5,7.5,8.3,275.0,442.0,3.7,5.8,0.3,1.9,13000.0,33000.0,24000.0,46000.0,post_monsoon
1049,Ganga at Sangam,2017,18.0,29.0,7.3,8.5,7.5,8.3,275.0,442.0,3.7,5.8,0.3,1.9,13000.0,33000.0,24000.0,46000.0,winter
1049,Ganga at Sangam,2017,18.0,29.0,7.3,8.5,7.5,8.3,275.0,442.0,3.7,5.8,0.3,1.9,13000.0,33000.0,24000.0,46000.0,pre_monsoon
1071,Ganga at Malviya Bridge,2017,21.0,30.5,6.4,7.7,8.1,8.8,372.0,594.0,5.3,6.1,0.3,0.4,23000.0,49000.0,43000.0,70000.0,monsoon
1071,Ganga at Malviya Bridge,2017,21.0,30.5,6.4,7.7,8.1,8.8,372.0,594.0,5.3,6.1,0.3,0.4,23000.0,49000.0,43000.0,70000.0,post_monsoon
1071,Ganga at Malviya Bridge,2017,21.0,30.5,6.4,7.7,8.1,8.8,372.0,594.0,5.3,6.1,0.3,0.4,23000.0,49000.0,43000.0,70000.0,winter
1071,Ganga at Malviya Bridge,2017,21.0,30.5,6.4,7.7,8.1,8.8,372.0,594.0,5.3,6.1,0.3,0.4,23000.0,49000.0,43000.0,70000.0,pre_monsoon
1067,Ganga at Jajmau Bridge,2012,12.2,8.7,7.5,9.1,8.4,23.0,528.0,106.0,2.8,5.9,4.3,0.0,2.48,0.82,700.0,39.0,monsoon
1067,Ganga at Jajmau Bridge,2012,12.2,8.7,7.5,9.1,8.4,23.0,528.0,106.0,2.8,5.9,4.3,0.0,2.48,0.82,700.0,39.0,post_monsoon
1067,Ganga at Jajmau Bridge,2012,12.2,8.7,7.5,9.1,8.4,23.0,528.0,106.0,2.8,5.9,4.3,0.0,2.48,0.82,700.0,39.0,winter
1067,Ganga at Jajmau Bridge,2012,12.2,8.7,7.5,9.1,8.4,23.0,528.0,106.0,2.8,5.9,4.3,0.0,2.48,0.82,700.0,39.0,pre_monsoon
1049,Ganga at Sangam,2012,8.7,7.1,7.7,8.4,8.2,300.0,798.0,511.0,2.7,7.3,5.1,0.78,2.66,1.26,3000.0,4.0,monsoon
1049,Ganga at Sangam,2012,8.7,7.1,7.7,8.4,8.2,300.0,798.0,511.0,2.7,7.3,5.1,0.78,2.66,1.26,3000.0,4.0,post_monsoon
1049,Ganga at Sangam,2012,8.7,7.1,7.7,8.4,8.2,300.0,798.0,511.0,2.7,7.3,5.1,0.78,2.66,1.26,3000.0,4.0,winter
1049,Ganga at Sangam,2012,8.7,7.1,7.7,8.4,8.2,300.0,798.0,511.0,2.7,7.3,5.1,0.78,2.66,1.26,3000.0,4.0,pre_monsoon
1067,Ganga at Jajmau Bridge,2013,10.8,8.3,7.5,8.7,8.1,20.0,120.0,37.0,2.5,4.1,3.4,0.16,2.3,2.0,700.0,25.0,monsoon
1067,Ganga at Jajmau Bridge,2013,10.8,8.3,7.5,8.7,8.1,20.0,120.0,37.0,2.5,4.1,3.4,0.16,2.3,2.0,700.0,25.0,post_monsoon
1067,Ganga at Jajmau Bridge,2013,10.8,8.3,7.5,8.7,8.1,20.0,120.0,37.0,2.5,4.1,3.4,0.16,2.3,2.0,700.0,25.0,winter
1067,Ganga at Jajmau Bridge,2013,10.8,8.3,7.5,8.7,8.1,20.0,120.0,37.0,2.5,4.1,3.4,0.16,2.3,2.0,700.0,25.0,pre_monsoon
1049,Ganga at Sangam,2013,9.7,8.2,8.1,8.4,8.3,368.0,501.0,429.0,2.8,4.6,3.6,2.78,3.3,3.0,3100.0,210.0,monsoon
1049,Ganga at Sangam,2013,9.7,8.2,8.1,8.4,8.3,368.0,501.0,429.0,2.8,4.6,3.6,2.78,3.3,3.0,3100.0,210.0,post_monsoon
1049,Ganga at Sangam,2013,9.7,8.2,8.1,8.4,8.3,368.0,501.0,429.0,2.8,4.6,3.6,2.78,3.3,3.0,3100.0,210.0,winter
1049,Ganga at Sangam,2013,9.7,8.2,8.1,8.4,8.3,368.0,501.0,429.0,2.8,4.6,3.6,2.78,3.3,3.0,3100.0,210.0,pre_monsoon
1071,Ganga at Malviya Bridge,2013,8.3,7.9,7.7,8.7,8.5,306.0,392.0,327.0,3.3,5.1,4.6,0.15,1.98,1.64,31000.0,460.0,monsoon
1071,Ganga at Malviya Bridge,2013,8.3,7.9,7.7,8.7,8.5,306.0,392.0,327.0,3.3,5.1,4.6,0.15,1.98,1.64,31000.0,460.0,post_monsoon
1071,Ganga at Malviya Bridge,2013,8.3,7.9,7.7,8.7,8.5,306.0,392.0,327.0,3.3,5.1,4.6,0.15,1.98,1.64,31000.0,460.0,winter
1071,Ganga at Malviya Bridge,2013,8.3,7.9,7.7,8.7,8.5,306.0,392.0,327.0,3.3,5.1,4.6,0.15,1.98,1.64,31000.0,460.0,pre_monsoon
2552,Ganga at Gandhi Ghat,2013,8.6,7.8,7.8,8.1,7.9,284.0,490.0,350.0,2.5,2.9,2.7,0.0,0.0,0.0,2400.0,90.0,monsoon
2552,Ganga at Gandhi Ghat,2013,8.6,7.8,7.8,8.1,7.9,284.0,490.0,350.0,2.5,2.9,2.7,0.0,0.0,0.0,2400.0,90.0,post_monsoon
2552,Ganga at Gandhi Ghat,2013,8.6,7.8,7.8,8.1,7.9,284.0,490.0,350.0,2.5,2.9,2.7,0.0,0.0,0.0,2400.0,90.0,winter
2552,Ganga at Gandhi Ghat,2013,8.6,7.8,7.8,8.1,7.9,284.0,490.0,350.0,2.5,2.9,2.7,0.0,0.0,0.0,2400.0,90.0,pre_monsoon
1067,Ganga at Jajmau Bridge,2014,9.6,7.5,7.6,8.9,8.2,49.0,432.0,307.0,2.7,4.2,3.4,0.16,0.32,0.2,2000.0,38.0,monsoon
1067,Ganga at Jajmau Bridge,2014,9.6,7.5,7.6,8.9,8.2,49.0,432.0,307.0,2.7,4.2,3.4,0.16,0.32,0.2,2000.0,38.0,post_monsoon
1067,Ganga at Jajmau Bridge,2014,9.6,7.5,7.6,8.9,8.2,49.0,432.0,307.0,2.7,4.2,3.4,0.16,0.32,0.2,2000.0,38.0,winter
1067,Ganga at Jajmau Bridge,2014,9.6,7.5,7.6,8.9,8.2,49.0,432.0,307.0,2.7,4.2,3.4,0.16,0.32,0.2,2000.0,38.0,pre_monsoon
1049,Ganga at Sangam,2014,9.2,8.5,8.1,8.4,8.3,368.0,468.0,404.0,2.9,9.2,4.2,1.28,2.24,2.0,13000.0,340.0,monsoon
1049,Ganga at Sangam,2014,9.2,8.5,8.1,8.4,8.3,368.0,468.0,404.0,2.9,9.2,4.2,1.28,2.24,2.0,13000.0,340.0,post_monsoon
1049,Ganga at Sangam,2014,9.2,8.5,8.1,8.4,8.3,368.0,468.0,404.0,2.9,9.2,4.2,1.28,2.24,2.0,13000.0,340.0,winter
1049,Ganga at Sangam,2014,9.2,8.5,8.1,8.4,8.3,368.0,468.0,404.0,2.9,9.2,4.2,1.28,2.24,2.0,13000.0,340.0,pre_monsoon
1071,Ganga at Malviya Bridge,2014,8.7,7.8,8.2,8.7,8.5,308.0,456.0,385.0,3.8,5.0,4.5,0.0,0.0,0.0,22000.0,460.0,monsoon
1071,Ganga at Malviya Bridge,2014,8.7,7.8,8.2,8.7,8.5,308.0,456.0,385.0,3.8,5.0,4.5,0.0,0.0,0.0,22000.0,460.0,post_monsoon
1071,Ganga at Malviya Bridge,2014,8.7,7.8,8.2,8.7,8.5,308.0,456.0,385.0,3.8,5.0,4.5,0.0,0.0,0.0,22000.0,460.0,winter
1071,Ganga at Malviya Bridge,2014,8.7,7.8,8.2,8.7,8.5,308.0,456.0,385.0,3.8,5.0,4.5,0.0,0.0,0.0,22000.0,460.0,pre_monsoon
2552,Ganga at Gandhi Ghat,2014,9.2,7.8,7.6,8.2,7.9,271.0,557.0,402.0,2.4,2.9,2.8,0.0,0.0,0.0,3000.0,92.0,monsoon
2552,Ganga at Gandhi Ghat,2014,9.2,7.8,7.6,8.2,7.9,271.0,557.0,402.0,2.4,2.9,2.8,0.0,0.0,0.0,3000.0,92.0,post_monsoon
2552,Ganga at Gandhi Ghat,2014,9.2,7.8,7.6,8.2,7.9,271.0,557.0,402.0,2.4,2.9,2.8,0.0,0.0,0.0,3000.0,92.0,winter
2552,Ganga at Gandhi Ghat,2014,9.2,7.8,7.6,8.2,7.9,271.0,557.0,402.0,2.4,2.9,2.8,0.0,0.0,0.0,3000.0,92.0,pre_monsoon
10148,Ganga at Har-Ki-Pauri Ghat,2024,7.2,11.4,7.1,8.2,133.0,380.0,1.0,2.4,0.33,0.74,70.0,94.0,110.0,150.0,6.0,17.0,monsoon
10148,Ganga at Har-Ki-Pauri Ghat,2024,7.2,11.4,7.1,8.2,133.0,380.0,1.0,2.4,0.33,0.74,70.0,94.0,110.0,150.0,6.0,17.0,post_monsoon
10148,Ganga at Har-Ki-Pauri Ghat,2024,7.2,11.4,7.1,8.2,133.0,380.0,1.0,2.4,0.33,0.74,70.0,94.0,110.0,150.0,6.0,17.0,winter
10148,Ganga at Har-Ki-Pauri Ghat,2024,7.2,11.4,7.1,8.2,133.0,380.0,1.0,2.4,0.33,0.74,70.0,94.0,110.0,150.0,6.0,17.0,pre_monsoon
1067,Ganga at Jajmau Bridge,2024,16.0,39.0,6.4,11.1,7.9,8.5,210.0,560.0,2.7,4.4,2100.0,8300.0,3800.0,13000.0,2.0,31.0,monsoon
1067,Ganga at Jajmau Bridge,2024,16.0,39.0,6.4,11.1,7.9,8.5,210.0,560.0,2.7,4.4,2100.0,8300.0,3800.0,13000.0,2.0,31.0,post_monsoon
1067,Ganga at Jajmau Bridge,2024,16.0,39.0,6.4,11.1,7.9,8.5,210.0,560.0,2.7,4.4,2100.0,8300.0,3800.0,13000.0,2.0,31.0,winter
1067,Ganga at Jajmau Bridge,2024,16.0,39.0,6.4,11.1,7.9,8.5,210.0,560.0,2.7,4.4,2100.0,8300.0,3800.0,13000.0,2.0,31.0,pre_monsoon
1049,Ganga at Sangam,2024,20.0,29.0,7.5,12.3,7.6,8.4,258.0,296.0,2.5,3.4,0.64,0.77,680.0,3200.0,2000.0,4700.0,monsoon
1049,Ganga at Sangam,2024,20.0,29.0,7.5,12.3,7.6,8.4,258.0,296.0,2.5,3.4,0.64,0.77,680.0,3200.0,2000.0,4700.0,post_monsoon
1049,Ganga at Sangam,2024,20.0,29.0,7.5,12.3,7.6,8.4,258.0,296.0,2.5,3.4,0.64,0.77,680.0,3200.0,2000.0,4700.0,winter
1049,Ganga at Sangam,2024,20.0,29.0,7.5,12.3,7.6,8.4,258.0,296.0,2.5,3.4,0.64,0.77,680.0,3200.0,2000.0,4700.0,pre_monsoon
1071,Ganga at Malviya Bridge,2024,6.4,7.8,7.6,8.0,326.0,452.0,3.2,3.7,0.58,0.92,4900.0,8400.0,12000.0,16000.0,2200.0,5800.0,monsoon
1071,Ganga at Malviya Bridge,2024,6.4,7.8,7.6,8.0,326.0,452.0,3.2,3.7,0.58,0.92,4900.0,8400.0,12000.0,16000.0,2200.0,5800.0,post_monsoon
1071,Ganga at Malviya Bridge,2024,6.4,7.8,7.6,8.0,326.0,452.0,3.2,3.7,0.58,0.92,4900.0,8400.0,12000.0,16000.0,2200.0,5800.0,winter
1071,Ganga at Malviya Bridge,2024,6.4,7.8,7.6,8.0,326.0,452.0,3.2,3.7,0.58,0.92,4900.0,8400.0,12000.0,16000.0,2200.0,5800.0,pre_monsoon
2552,Ganga at Gandhi Ghat,2024,6.2,8.3,7.1,7.8,231.0,479.0,1.0,2.8,0.3,0.91,3500.0,54000.0,5400.0,92000.0,2.0,220.0,monsoon
2552,Ganga at Gandhi Ghat,2024,6.2,8.3,7.1,7.8,231.0,479.0,1.0,2.8,0.3,0.91,3500.0,54000.0,5400.0,92000.0,2.0,220.0,post_monsoon
2552,Ganga at Gandhi Ghat,2024,6.2,8.3,7.1,7.8,231.0,479.0,1.0,2.8,0.3,0.91,3500.0,54000.0,5400.0,92000.0,2.0,220.0,winter
2552,Ganga at Gandhi Ghat,2024,6.2,8.3,7.1,7.8,231.0,479.0,1.0,2.8,0.3,0.91,3500.0,54000.0,5400.0,92000.0,2.0,220.0,pre_monsoon
1071,Ganga at Malviya Bridge,2024,4.7,7.8,7.7,8.6,180.0,1071.0,2.8,3.6,0.74,3.87,4.0,17.0,21.0,43.0,2.0,2.0,monsoon
1071,Ganga at Malviya Bridge,2024,4.7,7.8,7.7,8.6,180.0,1071.0,2.8,3.6,0.74,3.87,4.0,17.0,21.0,43.0,2.0,2.0,post_monsoon
1071,Ganga at Malviya Bridge,2024,4.7,7.8,7.7,8.6,180.0,1071.0,2.8,3.6,0.74,3.87,4.0,17.0,21.0,43.0,2.0,2.0,winter
1071,Ganga at Malviya Bridge,2024,4.7,7.8,7.7,8.6,180.0,1071.0,2.8,3.6,0.74,3.87,4.0,17.0,21.0,43.0,2.0,2.0,pre_monsoon
