station_name,year,bod_max,do_min,fecal_col_max,total_col_max,latitude,longitude,population_density_1km
Ganga at Gandhi Ghat,2015,3.0,7.4,16000.0,24000.0,25.621,85.172,5836.29
Ganga at Gandhi Ghat,2020,0.46,9.7,160000.0,9200.0,25.621,85.172,6012.38
Ganga at Har-Ki-Pauri Ghat,2020,0.36,8.0,90.0,2.0,29.965,78.17,4466.02
Ganga at Jajmau Bridge,2015,4.0,6.4,4000.0,6300.0,26.471,80.407,2097.97
Ganga at Jajmau Bridge,2020,6.3,6.2,17000.0,45.0,26.471,80.407,2317.05
Ganga at Malviya Bridge,2015,5.3,7.0,33000.0,49000.0,25.323,83.031,3948.88
Ganga at Malviya Bridge,2020,0.7,9.5,31000.0,13000.0,25.323,83.031,3825.5
Ganga at Sangam,2015,4.8,7.0,26000.0,39000.0,25.428,81.887,2507.23
Ganga at Sangam,2020,1.76,7.8,7900.0,20.0,25.428,81.887,5782.41
