station_code,station_name,year,temp_min,temp_max,do_min,do_max,do_mean,ph_min,ph_max,cond_min,cond_max,bod_min,bod_max,bod_mean,nitrate_min,nitrate_max,fecal_col_min,fecal_col_max,pop_density_1km,town,flow_avg_cms,spatial_order,is_kumbh_year,bod_load_proxy
2552,Ganga at Gandhi Ghat,2013,9.0,32.0,7.2,8.6,7.8,7.8,8.1,284.0,490.0,2.5,2.9,2.7,0.0,0.0,2400.0,90.0,5661.014,Patna,10040.13,4,0,27.108351
2552,Ganga at Gandhi Ghat,2014,16.0,34.0,7.1,9.2,7.8,7.6,8.2,271.0,557.0,2.4,2.9,2.8,0.0,0.0,3000.0,92.0,5748.652,Patna,10040.13,4,0,28.112364
2552,Ganga at Gandhi Ghat,2015,16.0,40.0,7.4,8.8,8.100000000000001,7.6,9.1,256.0,559.0,2.6,3.0,2.8,0.0,0.0,2800.0,16000.0,5836.29,Patna,10040.13,4,0,28.112364
2552,Ganga at Gandhi Ghat,2017,15.0,33.0,6.5,9.2,7.85,7.3,8.8,206.0,644.0,2.4,2.9,2.65,,,1700.0,1700000.0,5906.726000000001,Patna,10040.13,4,0,26.606344499999995
2552,Ganga at Gandhi Ghat,2018,14.0,33.0,6.8,13.0,9.9,6.7,7.9,206.0,502.0,2.1,2.6,2.35,0.06,2.29,3100.0,21000.0,5941.9439999999995,Patna,10040.13,4,0,23.5943055
2552,Ganga at Gandhi Ghat,2019,19.0,33.0,6.5,8.8,7.65,7.7,8.3,265.0,467.0,1.8,2.9,2.35,0.03,0.58,1400.0,26000.0,5977.162,Patna,10040.13,4,0,23.5943055
2552,Ganga at Gandhi Ghat,2020,36.0,5.4,9.7,7.3,8.5,8.5,259.0,500.0,1.4,4.0,0.46,2.23,2200.0,160000.0,17000.0,160000.0,6012.38,Patna,10040.13,4,0,22.389489899999997
2552,Ganga at Gandhi Ghat,2021,4.3,8.9,7.2,8.1,7.65,185.0,484.0,1.2,3.0,0.3,1.14,0.72,92000.0,160000.0,92000.0,160000.0,6047.598,Patna,10040.13,4,0,7.228893599999999
2552,Ganga at Gandhi Ghat,2022,35.0,5.6,9.7,6.98,8.34,8.25,195.0,495.0,1.5,2.7,0.69,1.695,17000.0,350000.0,28000.0,920000.0,6082.816000000001,Patna,10040.13,4,0,17.01802035
2552,Ganga at Gandhi Ghat,2024,6.2,8.3,7.1,7.8,7.449999999999999,231.0,479.0,1.0,2.8,0.3,0.91,0.605,3500.0,54000.0,5400.0,92000.0,6153.2519999999995,Patna,10040.13,4,0,6.074278649999999
10148,Ganga at Har-Ki-Pauri Ghat,2017,15.0,24.0,8.6,9.8,9.2,7.0,7.6,,,1.0,1.0,1.0,,,70.0,170.0,3205.594,Haridwar,566.129,0,0,0.566129
10148,Ganga at Har-Ki-Pauri Ghat,2019,17.0,22.0,9.0,10.2,9.6,7.5,8.4,121.0,155.0,1.0,1.0,1.0,,,26.0,50.0,4045.8780000000006,Haridwar,566.129,0,0,0.566129
10148,Ganga at Har-Ki-Pauri Ghat,2020,17.0,27.0,8.0,10.8,9.4,7.3,8.0,96.0,396.0,1.2,0.36,0.78,2.0,60.0,2.0,90.0,4466.02,Haridwar,566.129,0,0,0.44158062000000003
10148,Ganga at Har-Ki-Pauri Ghat,2021,8.2,10.4,7.1,8.3,7.7,90.0,259.0,1.0,1.5,0.3,1.02,0.66,27.0,63.0,58.0,94.0,4886.162,Haridwar,566.129,0,1,0.37364514000000004
10148,Ganga at Har-Ki-Pauri Ghat,2022,7.8,10.2,7.1,8.3,7.7,124.0,1961.0,1.2,2.4,0.32,1.04,0.68,21.0,48.0,58.0,120.0,5306.304,Haridwar,566.129,0,0,0.38496772000000007
10148,Ganga at Har-Ki-Pauri Ghat,2024,7.2,11.4,7.1,8.2,7.6499999999999995,133.0,380.0,1.0,2.4,0.33,0.74,0.535,70.0,94.0,110.0,150.0,6146.588000000002,Haridwar,566.129,0,0,0.30287901500000003
1067,Ganga at Jajmau Bridge,2012,16.0,31.0,2.8,12.2,8.7,7.5,9.1,23.0,528.0,2.8,5.9,4.3,0.0,2.48,700.0,39.0,1627.636,Kanpur,998.924,1,0,4.2953732
1067,Ganga at Jajmau Bridge,2013,12.0,33.0,6.1,10.8,8.3,7.5,8.7,20.0,120.0,2.5,4.1,3.4,0.16,2.3,700.0,25.0,1784.4139999999998,Kanpur,998.924,1,0,3.3963416
1067,Ganga at Jajmau Bridge,2014,13.0,35.0,6.0,9.6,7.5,7.6,8.9,49.0,432.0,2.7,4.2,3.4,0.16,0.32,2000.0,38.0,1941.192,Kanpur,998.924,1,0,3.3963416
1067,Ganga at Jajmau Bridge,2015,12.0,33.0,6.4,10.0,8.2,7.3,8.9,238.0,402.0,2.2,4.0,3.1,0.0,0.4,2200.0,4000.0,2097.97,Kanpur,998.924,1,0,3.0966644000000003
1067,Ganga at Jajmau Bridge,2017,16.0,33.0,5.9,11.2,8.55,7.4,8.5,215.0,416.0,2.9,3.9,3.4,0.3,0.3,2100.0,4700.0,2185.602,Kanpur,998.924,1,0,3.3963416
1067,Ganga at Jajmau Bridge,2018,15.0,32.0,6.0,11.6,8.8,7.7,8.6,216.0,434.0,3.1,4.2,3.6500000000000004,,,2200.0,3400.0,2229.418,Kanpur,998.924,1,0,3.6460726000000006
1067,Ganga at Jajmau Bridge,2019,16.0,32.0,5.8,10.3,8.05,7.8,8.7,203.0,368.0,2.5,4.0,3.25,,,1700.0,3400.0,2273.2340000000004,Kanpur,998.924,1,0,3.2465029999999997
1067,Ganga at Jajmau Bridge,2020,20.0,31.0,6.2,12.1,9.15,7.5,8.52,212.0,356.0,2.9,6.3,4.6,1400.0,9200.0,3900.0,17000.0,2317.05,Kanpur,998.924,1,0,4.595050399999999
1067,Ganga at Jajmau Bridge,2021,15.0,33.0,5.8,11.1,8.45,8.1,8.4,194.0,319.0,3.1,3.9,3.5,1700.0,3500.0,3200.0,6300.0,2360.866,Kanpur,998.924,1,0,3.496234
1067,Ganga at Jajmau Bridge,2022,15.0,31.0,6.4,10.7,8.55,7.83,8.46,183.0,390.0,3.1,5.5,4.3,1100.0,2800.0,3100.0,4100.0,2404.682,Kanpur,998.924,1,0,4.2953732
1067,Ganga at Jajmau Bridge,2024,16.0,39.0,6.4,11.1,8.75,7.9,8.5,210.0,560.0,2.7,4.4,3.5500000000000003,2100.0,8300.0,3800.0,13000.0,2492.3140000000003,Kanpur,998.924,1,0,3.5461802000000002
1071,Ganga at Malviya Bridge,2013,21.0,24.5,6.4,8.3,7.9,7.7,8.7,306.0,392.0,3.3,5.1,4.6,0.15,1.98,31000.0,460.0,3879.616,Varanasi,3266.807,3,0,15.027312199999999
1071,Ganga at Malviya Bridge,2014,20.0,25.5,6.7,8.7,7.8,8.2,8.7,308.0,456.0,3.8,5.0,4.5,0.0,0.0,22000.0,460.0,3914.2480000000005,Varanasi,3266.807,3,0,14.7006315
1071,Ganga at Malviya Bridge,2015,19.0,26.0,7.0,7.8,7.4,8.4,8.8,382.0,430.0,4.2,5.3,4.75,0.0,0.0,23000.0,33000.0,3948.88,Varanasi,3266.807,3,0,15.51733325
1071,Ganga at Malviya Bridge,2017,21.0,30.5,6.4,7.7,7.050000000000001,8.1,8.8,372.0,594.0,5.3,6.1,5.699999999999999,0.3,0.4,23000.0,49000.0,3899.5280000000002,Varanasi,3266.807,3,0,18.620799899999998
1071,Ganga at Malviya Bridge,2018,22.0,29.0,6.1,7.8,6.949999999999999,8.1,8.3,366.0,588.0,4.5,5.8,5.15,0.22,0.45,22000.0,43000.0,3874.852,Varanasi,3266.807,3,0,16.82405605
1071,Ganga at Malviya Bridge,2019,20.0,31.5,6.5,7.9,7.2,7.9,8.7,392.0,528.0,3.4,4.2,3.8,0.15,0.4,11000.0,23000.0,3850.1760000000004,Varanasi,3266.807,3,0,12.4138666
1071,Ganga at Malviya Bridge,2020,31.5,5.8,9.5,7.8,8.65,8.7,254.0,546.0,3.5,4.2,0.7,2.45,7000.0,17000.0,14000.0,31000.0,3825.5,Varanasi,3266.807,3,0,8.003677150000001
1071,Ganga at Malviya Bridge,2021,6.2,9.4,7.3,8.4,7.85,274.0,560.0,3.3,4.1,0.3,1.52,0.91,7000.0,13000.0,13000.0,23000.0,3800.8239999999996,Varanasi,3266.807,3,0,2.9727943700000004
1071,Ganga at Malviya Bridge,2022,6.5,9.9,7.59,8.59,8.09,326.0,665.0,3.3,4.3,0.96,1.62,1.29,8000.0,17000.0,11000.0,23000.0,3776.1479999999997,Varanasi,3266.807,3,0,4.21418103
1071,Ganga at Malviya Bridge,2024,6.4,7.8,7.6,8.0,7.8,326.0,452.0,3.2,3.7,0.58,0.92,0.75,4900.0,8400.0,12000.0,16000.0,3726.7960000000003,Varanasi,3266.807,3,0,2.4501052499999996
1049,Ganga at Sangam,2012,20.0,30.0,4.7,8.7,7.1,7.7,8.4,300.0,798.0,2.7,7.3,5.1,0.78,2.66,3000.0,4.0,1958.2,Prayagraj,3061.94,2,0,15.615893999999999
1049,Ganga at Sangam,2013,19.6,30.8,6.6,9.7,8.2,8.1,8.4,368.0,501.0,2.8,4.6,3.6,2.78,3.3,3100.0,210.0,2141.21,Prayagraj,3061.94,2,1,11.022984000000001
1049,Ganga at Sangam,2014,19.6,25.9,8.0,9.2,8.5,8.1,8.4,368.0,468.0,2.9,9.2,4.2,1.28,2.24,13000.0,340.0,2324.2200000000003,Prayagraj,3061.94,2,0,12.860148
1049,Ganga at Sangam,2015,20.0,30.6,7.0,8.7,7.85,7.4,8.4,365.0,499.0,3.4,4.8,4.1,0.0,1.5,17000.0,26000.0,2507.23,Prayagraj,3061.94,2,0,12.553954
1049,Ganga at Sangam,2017,18.0,29.0,7.3,8.5,7.9,7.5,8.3,275.0,442.0,3.7,5.8,4.75,0.3,1.9,13000.0,33000.0,3817.3019999999997,Prayagraj,3061.94,2,0,14.544215000000001
1049,Ganga at Sangam,2018,18.5,32.0,7.3,9.8,8.55,7.5,8.4,204.0,383.0,2.7,4.6,3.65,1.58,1.97,2400.0,21000.0,4472.338,Prayagraj,3061.94,2,0,11.176081
1049,Ganga at Sangam,2019,22.6,32.8,6.8,11.5,9.15,7.8,8.4,236.0,283.0,2.0,3.4,2.7,1.39,1.83,3300.0,13000.0,5127.374,Prayagraj,3061.94,2,1,8.267238
1049,Ganga at Sangam,2020,7.1,11.8,7.8,8.4,8.1,285.0,369.0,2.0,2.7,0.42,1.76,1.09,680.0,3300.0,2000.0,7900.0,5782.41,Prayagraj,3061.94,2,0,3.3375146000000004
1049,Ganga at Sangam,2021,18.6,30.3,7.2,9.9,8.55,7.6,8.5,248.0,384.0,2.0,2.9,2.45,0.56,0.66,680.0,1400.0,6437.446,Prayagraj,3061.94,2,0,7.501753000000001
1049,Ganga at Sangam,2022,18.9,31.8,6.0,9.2,7.6,7.43,8.39,237.0,279.0,2.6,3.0,2.8,0.6,0.67,610.0,930.0,7092.481999999999,Prayagraj,3061.94,2,0,8.573431999999999
1049,Ganga at Sangam,2024,20.0,29.0,7.5,12.3,9.9,7.6,8.4,258.0,296.0,2.5,3.4,2.95,0.64,0.77,680.0,3200.0,8402.554,Prayagraj,3061.94,2,0,9.032723
