station_code,station_name,year,page_number,raw_line_text,file_source
1067,Ganga at Jajmau Bridge,2015,9,"1067 GANGA AT KANPUR U/S (RANIGHAT), UTTAR 12 33 6.4 10 7.3 8.9 238 402 2.2 4 0 0.4 2200 4000 2800 6300",NWMP_DATA_2015.pdf
1049,Ganga at Sangam,2015,9,1049 GANGA AT ALLAHABAD D/S UTTAR 20 30.6 7 8.7 7.4 8.4 365 499 3.4 4.8 0 1.5 17000 26000 32000 39000,NWMP_DATA_2015.pdf
1071,Ganga at Malviya Bridge,2015,10,1071 GANGA AT VARANASI D/S (MALVIYA UTTAR 19 26 7 7.8 8.4 8.8 382 430 4.2 5.3 0 0 23000 33000 40000 49000,NWMP_DATA_2015.pdf
2552,Ganga at Gandhi Ghat,2015,10,2552 GANGA DARBHANGA GHAT AT BIHAR 16 40 7.4 8.8 7.6 9.1 256 559 2.6 3 0 0 2800 16000 9000 24000,NWMP_DATA_2015.pdf
1067,Ganga at Jajmau Bridge,2015,168,LAKSHDWEEP 29 31 7 7.5 1067 1325 4000 4000 1000 348000,NWMP_DATA_2015.pdf
1067,Ganga at Jajmau Bridge,2015,179,"HERO CYCLE, 15 15 7 7.4 1067 1067 15 15",NWMP_DATA_2015.pdf
10148,Ganga at Har-Ki-Pauri Ghat,2018,12,10148 UTTARAKHAND 16.0 21.0 8.8 10.0 7.4 8.4 _ _ 1.0 1.0 _ _ _ _ 60 170,WQuality_River-Data-2018.pdf
1067,Ganga at Jajmau Bridge,2018,13,1067 15.0 32.0 6.0 11.6 7.7 8.6 216 434 3.1 4.2 _ _ 2200 3400 4000 5800,WQuality_River-Data-2018.pdf
1049,Ganga at Sangam,2018,13,1049 ALLAHABAD D/S 18.5 32.0 7.3 9.8 7.5 8.4 204 383 2.7 4.6 1.58 1.97 2400 21000 8400 33000,WQuality_River-Data-2018.pdf
1071,Ganga at Malviya Bridge,2018,14,1071 VARANASI D-S 22.0 29.0 6.1 7.8 8.1 8.3 366 588 4.5 5.8 0.22 0.45 22000 43000 34000 63000,WQuality_River-Data-2018.pdf
2552,Ganga at Gandhi Ghat,2018,15,2552 BIHAR 14.0 33.0 6.8 13.0 6.7 7.9 206 502 2.1 2.6 0.06 2.29 3100 21000 7000 35000,WQuality_River-Data-2018.pdf
10148,Ganga at Har-Ki-Pauri Ghat,2019,13,10148 UTTARAKHAND 17 22 9.0 10.2 7.5 8.4 121 155 1.0 1.0 __ __ 26 50 40 110 - -,WQuality_River-Data-2019.pdf
1067,Ganga at Jajmau Bridge,2019,13,1067 16 32 5.8 10.3 7.8 8.7 203 368 2.5 4.0 __ __ 1700 3400 3900 5800 - -,WQuality_River-Data-2019.pdf
1049,Ganga at Sangam,2019,14,1049 22.6 32.8 6.8 11.5 7.8 8.4 236 283 2.0 3.4 1.39 1.83 3300 13000 8400 27000 - -,WQuality_River-Data-2019.pdf
1071,Ganga at Malviya Bridge,2019,14,1071 20 31.5 6.5 7.9 7.9 8.7 392 528 3.4 4.2 0.15 0.40 11000 23000 17000 43000 - -,WQuality_River-Data-2019.pdf
2552,Ganga at Gandhi Ghat,2019,15,2552 BIHAR 19 33 6.5 8.8 7.7 8.3 265 467 1.8 2.9 0.03 0.58 1400 26000 11000 35000 - -,WQuality_River-Data-2019.pdf
1049,Ganga at Sangam,2019,32,1334 WEST BENGAL 18 34 6.5 8.2 7.1 8.3 292 1049 2.2 5.2 0.1 1.0 5800 17000 7000 160000 - -,WQuality_River-Data-2019.pdf
10148,Ganga at Har-Ki-Pauri Ghat,2020,13,10148 RIVER GANGA AT HAR-KI-PAURI GHAT UTTARAKHAND 17 27 8 10.8 7.3 8 96 396 BDL 1.2 BDL 0.36 2 60 2 90 2 2,WQuality_River-Data-2020.pdf
1067,Ganga at Jajmau Bridge,2020,14,"1067 GANGA AT KANPUR U/S (RANIGHAT), U.P UTTAR PRADESH 20 31 6.2 12.1 7.5 8.52 212 356 2.9 6.3 - - 1400 9200 3900 17000 20 45",WQuality_River-Data-2020.pdf
1049,Ganga at Sangam,2020,14,"1049 GANGA AT ALLAHABAD D/S (SANGAM), U.P. UTTAR PRADESH 18.8 26.9 7.1 11.8 7.8 8.4 285 369 2 2.7 0.42 1.76 680 3300 2000 7900 2 20",WQuality_River-Data-2020.pdf
1071,Ganga at Malviya Bridge,2020,14,"1071 GANGA AT VARANASI D/S (MALVIYA BRIDGE), U.P UTTAR PRADESH 17.5 31.5 5.8 9.5 7.8 8.7 254 546 3.5 4.2 BDL 0.7 7000 17000 14000 31000 7000 13000",WQuality_River-Data-2020.pdf
2552,Ganga at Gandhi Ghat,2020,15,"2552 GANGA AT GANDHIGHAT, NIT AT PATNA BIHAR 19 36 5.4 9.7 7.3 8.5 259 500 1.4 4 BDL 0.46 2200 160000 17000 160000 210 9200",WQuality_River-Data-2020.pdf
10148,Ganga at Har-Ki-Pauri Ghat,2021,21,10148 UTTARAKHAND 13.1 27.7 8.2 10.4 7.1 8.3 90 259 1.0 1.5 0.30 1.02 27 63 58 94 2 38,WQuality_River-Data-2021.pdf
1067,Ganga at Jajmau Bridge,2021,22,1067 KANPUR U/S UTTAR PRADESH 15.0 33.0 5.8 11.1 8.1 8.4 194 319 3.1 3.9 - - 1700 3500 3200 6300 2 20,WQuality_River-Data-2021.pdf
1049,Ganga at Sangam,2021,22,1049 ALLAHABAD D/S UTTAR PRADESH 18.6 30.3 7.2 9.9 7.6 8.5 248 384 2.0 2.9 0.56 0.66 680 1400 1700 2700 - -,WQuality_River-Data-2021.pdf
1071,Ganga at Malviya Bridge,2021,23,1071 VARANASI D/S UTTAR PRADESH 18.0 31.0 6.2 9.4 7.3 8.4 274 560 3.3 4.1 0.30 1.52 7000 13000 13000 23000 4900 11000,WQuality_River-Data-2021.pdf
2552,Ganga at Gandhi Ghat,2021,24,"2552 GANDHIGHAT, NIT BIHAR 16.0 30.0 4.3 8.9 7.2 8.1 185 484 1.2 3.0 0.30 1.14 92000 160000 92000 160000 170 9200",WQuality_River-Data-2021.pdf
10148,Ganga at Har-Ki-Pauri Ghat,2022,23,10148 UTTARAKHAND 14.3 27.3 7.8 10.2 7.1 8.3 124 1961 1.2 2.4 0.32 1.04 21 48 58 120 4 26,WQuality_River-Data-2022.pdf
1067,Ganga at Jajmau Bridge,2022,24,"1067 U/S (SHUKLAGANJ U/S), 15 31 6.4 10.7 7.83 8.46 183 390 3.1 5.5 - - 1100 2800 3100 4100 20 48",WQuality_River-Data-2022.pdf
1049,Ganga at Sangam,2022,24,1049 PRAYAGRAJ D/S 18.9 31.8 6 9.2 7.43 8.39 237 279 2.6 3 0.6 0.67 610 930 2400 2700 - -,WQuality_River-Data-2022.pdf
1071,Ganga at Malviya Bridge,2022,25,"1071 VARANASI D/S , A/C RIVER 18.5 31 6.5 9.9 7.59 8.59 326 665 3.3 4.3 0.96 1.62 8000 17000 11000 23000 4000 13000",WQuality_River-Data-2022.pdf
2552,Ganga at Gandhi Ghat,2022,26,2552 BIHAR 14 35 5.6 9.7 6.98 8.25 195 495 1.5 2.7 BDL 0.69 17000 350000 28000 920000 6 9200,WQuality_River-Data-2022.pdf
10148,Ganga at Har-Ki-Pauri Ghat,2017,12,10148 UTTARAKHAND 15 24 8.6 9.8 7 7.6 1 1 70 170,Water_Quality_Rivers_2017.pdf
1067,Ganga at Jajmau Bridge,2017,13,1067 16 33 5.9 11.2 7.4 8.5 215 416 2.9 3.9 0.3 0.3 2100 4700 4600 8400,Water_Quality_Rivers_2017.pdf
1049,Ganga at Sangam,2017,14,1049 18 29 7.3 8.5 7.5 8.3 275 442 3.7 5.8 0.3 1.9 13000 33000 24000 46000,Water_Quality_Rivers_2017.pdf
1071,Ganga at Malviya Bridge,2017,14,1071 21 30.5 6.4 7.7 8.1 8.8 372 594 5.3 6.1 0.3 0.4 23000 49000 43000 70000,Water_Quality_Rivers_2017.pdf
2552,Ganga at Gandhi Ghat,2017,15,2552 BIHAR 15 33 6.5 9.2 7.3 8.8 206 644 2.4 2.9 1700 1700000 3400 3500000,Water_Quality_Rivers_2017.pdf
1067,Ganga at Jajmau Bridge,2016,8,1067 (RANIGHAT),Water_Quality_data_of_River_2016.pdf
1049,Ganga at Sangam,2016,9,"1049 (SANGAM),",Water_Quality_data_of_River_2016.pdf
1071,Ganga at Malviya Bridge,2016,9,1071 (MALVIYA BRIDGE),Water_Quality_data_of_River_2016.pdf
2552,Ganga at Gandhi Ghat,2016,9,2552 PATNA,Water_Quality_data_of_River_2016.pdf
1067,Ganga at Jajmau Bridge,2012,1,1067 GANGA AT KANPUR U/S (RANIGHAT) UTTAR PRADESH 16 31 25 2.8 12.2 8.7 7.5 9.1 8.4 23 528 106 2.8 5.9 4.3 0 2.48 0.82 700 39,cpcb.gov.in_wqm_2012_RIVER GANGA.pdf
1049,Ganga at Sangam,2012,1,1049 GANGA AT ALLAHABAD D/S (SANGAM) UTTAR PRADESH 20 30 25 4.7 8.7 7.1 7.7 8.4 8.2 300 798 511 2.7 7.3 5.1 0.78 2.66 1.26 3000 4,cpcb.gov.in_wqm_2012_RIVER GANGA.pdf
1067,Ganga at Jajmau Bridge,2013,1,"1067 GANGA AT KANPUR U/S (RANIGHAT), U.P UTTAR PRADESH 12 33 25.6 6.1 10.8 8.3 7.5 8.7 8.1 20 120 37 2.5 4.1 3.4 0.16 2.3 2 700 25",cpcb.gov.in_wqm_2013_RIVERWATER DATA 2013_5.pdf
1049,Ganga at Sangam,2013,1,"1049 GANGA AT ALLAHABAD D/S (SANGAM), U.P. UTTAR PRADESH 19.6 30.8 24.7 6.6 9.7 8.2 8.1 8.4 8.3 368 501 429 2.8 4.6 3.6 2.78 3.3 3 3100 210",cpcb.gov.in_wqm_2013_RIVERWATER DATA 2013_5.pdf
1071,Ganga at Malviya Bridge,2013,1,1071 UTTAR PRADESH 21 24.5 23.2 6.4 8.3 7.9 7.7 8.7 8.5 306 392 327 3.3 5.1 4.6 0.15 1.98 1.64 31000 460,cpcb.gov.in_wqm_2013_RIVERWATER DATA 2013_5.pdf
2552,Ganga at Gandhi Ghat,2013,1,2552 GANGA DARBHANGA GHAT AT PATNA BIHAR 9 32 25.1 7.2 8.6 7.8 7.8 8.1 7.9 284 490 350 2.5 2.9 2.7 0 0 0 2400 90,cpcb.gov.in_wqm_2013_RIVERWATER DATA 2013_5.pdf
1067,Ganga at Jajmau Bridge,2014,1,"1067 GANGA AT KANPUR U/S (RANIGHAT), U.P UTTAR PRADESH 13.0 35.0 27.0 6.0 9.6 7.5 7.6 8.9 8.2 49 432 307 2.7 4.2 3.4 0.16 0.32 0.2 2000 38",cpcb.gov.in_wqm_2014_RIVERWATER DATA 2014_5.pdf
1049,Ganga at Sangam,2014,1,"1049 GANGA AT ALLAHABAD D/S (SANGAM), U.P. UTTAR PRADESH 19.6 25.9 24.4 8.0 9.2 8.5 8.1 8.4 8.3 368 468 404 2.9 9.2 4.2 1.28 2.24 2 13000 340",cpcb.gov.in_wqm_2014_RIVERWATER DATA 2014_5.pdf
1071,Ganga at Malviya Bridge,2014,1,1071 UTTAR PRADESH 20.0 25.5 22.5 6.7 8.7 7.8 8.2 8.7 8.5 308 456 385 3.8 5.0 4.5 0 0 0 22000 460,cpcb.gov.in_wqm_2014_RIVERWATER DATA 2014_5.pdf
2552,Ganga at Gandhi Ghat,2014,1,2552 GANGA DARBHANGA GHAT AT PATNA BIHAR 16.0 34.0 24.7 7.1 9.2 7.8 7.6 8.2 7.9 271 557 402 2.4 2.9 2.8 0 0 0 3000 92,cpcb.gov.in_wqm_2014_RIVERWATER DATA 2014_5.pdf
10148,Ganga at Har-Ki-Pauri Ghat,2024,10,10148 RIVER GANGA AT HAR-KI-PAURI GHAT 14 25 7.2 11.4 7.1 8.2 133 380 1.0 2.4 0.33 0.74 70 94 110 150 6 17,cpcb_wq-2024.pdf
1067,Ganga at Jajmau Bridge,2024,11,1067 16 39 6.4 11.1 7.9 8.5 210 560 2.7 4.4 - - 2100 8300 3800 13000 2 31,cpcb_wq-2024.pdf
1049,Ganga at Sangam,2024,11,"1049 RIVER GANGA AT PRAYAGRAJ D/S (SANGAM), U.P. 20 29 7.5 12.3 7.6 8.4 258 296 2.5 3.4 0.64 0.77 680 3200 2000 4700 - -",cpcb_wq-2024.pdf
1071,Ganga at Malviya Bridge,2024,12,1071 20 30 6.4 7.8 7.6 8.0 326 452 3.2 3.7 0.58 0.92 4900 8400 12000 16000 2200 5800,cpcb_wq-2024.pdf
2552,Ganga at Gandhi Ghat,2024,12,"2552 RIVER GANGA AT GANDHIGHAT, NIT PATNA BIHAR 12 35 6.2 8.3 7.1 7.8 231 479 1.0 2.8 0.30 0.91 3500 54000 5400 92000 2 220",cpcb_wq-2024.pdf
1071,Ganga at Malviya Bridge,2024,69,37 23 30 4.7 7.8 7.7 8.6 180 1071 2.8 3.6 0.74 3.87 4 17 21 43 2 2,cpcb_wq-2024.pdf
